{"mean":{"confidence_interval":{"confidence_level":0.95,"lower_bound":193702536.44333333,"upper_bound":193844326.26666668},"point_estimate":193772542.7,"standard_error":36291.70790389443},"median":{"confidence_interval":{"confidence_level":0.95,"lower_bound":193667826.8333333,"upper_bound":193886769.0},"point_estimate":193765276.8333333,"standard_error":47062.86572582414},"median_abs_dev":{"confidence_interval":{"confidence_level":0.95,"lower_bound":21403.801620013925,"upper_bound":216287.61456010517},"point_estimate":140639.9277031348,"standard_error":52704.224710945746},"slope":null,"std_dev":{"confidence_interval":{"confidence_level":0.95,"lower_bound":69866.64980017974,"upper_bound":150401.47148306188},"point_estimate":121221.36478303773,"standard_error":20818.69182460799}}