{"mean":{"confidence_interval":{"confidence_level":0.95,"lower_bound":681029965.7925,"upper_bound":681421196.4},"point_estimate":681178859.8,"standard_error":110132.1874482846},"median":{"confidence_interval":{"confidence_level":0.95,"lower_bound":681021282.5,"upper_bound":681150872.0},"point_estimate":681090849.5,"standard_error":41818.055556083535},"median_abs_dev":{"confidence_interval":{"confidence_level":0.95,"lower_bound":11613.946893811226,"upper_bound":190716.4715141058},"point_estimate":71212.24193572998,"standard_error":52750.919858206515},"slope":null,"std_dev":{"confidence_interval":{"confidence_level":0.95,"lower_bound":49947.44477681849,"upper_bound":558693.2409550879},"point_estimate":364206.09169254097,"standard_error":174223.46775341858}}