{"mean":{"confidence_interval":{"confidence_level":0.95,"lower_bound":188447483.93,"upper_bound":189125918.28675},"point_estimate":188763597.69,"standard_error":174181.3978522325},"median":{"confidence_interval":{"confidence_level":0.95,"lower_bound":188009967.0,"upper_bound":188181564.0},"point_estimate":188100487.5,"standard_error":41277.18700357552},"median_abs_dev":{"confidence_interval":{"confidence_level":0.95,"lower_bound":214690.11308848858,"upper_bound":454174.48683679104},"point_estimate":322844.29856836796,"standard_error":61501.61757726745},"slope":null,"std_dev":{"confidence_interval":{"confidence_level":0.95,"lower_bound":1126784.9450012983,"upper_bound":2249451.8510728204},"point_estimate":1742309.7392823743,"standard_error":289411.3389098796}}