{"mean":{"confidence_interval":{"confidence_level":0.95,"lower_bound":-0.7187996306388921,"upper_bound":-0.7154627694881753},"point_estimate":-0.7170106063606126,"standard_error":0.0008543381004238814},"median":{"confidence_interval":{"confidence_level":0.95,"lower_bound":-0.7151543579754249,"upper_bound":-0.7134377414808422},"point_estimate":-0.7142742155761472,"standard_error":0.0004613111463107404}}