{"mean":{"confidence_interval":{"confidence_level":0.95,"lower_bound":0.04896859910933352,"upper_bound":0.08851863428443482},"point_estimate":0.06830372785937033,"standard_error":0.010129662137101113},"median":{"confidence_interval":{"confidence_level":0.95,"lower_bound":0.0058745378031852535,"upper_bound":0.14368070742938907},"point_estimate":0.06528015441145674,"standard_error":0.043848473371859445}}