{"mean":{"confidence_interval":{"confidence_level":0.95,"lower_bound":671596580.9,"upper_bound":672315838.8},"point_estimate":671904673.4,"standard_error":185903.34147871076},"median":{"confidence_interval":{"confidence_level":0.95,"lower_bound":671490238.0,"upper_bound":672043739.0},"point_estimate":671805644.0,"standard_error":146814.49169003108},"median_abs_dev":{"confidence_interval":{"confidence_level":0.95,"lower_bound":112217.99200773239,"upper_bound":698513.634198904},"point_estimate":369886.45443320274,"standard_error":154959.9657172128},"slope":null,"std_dev":{"confidence_interval":{"confidence_level":0.95,"lower_bound":204248.78136930082,"upper_bound":907628.7032744233},"point_estimate":622565.9685022588,"standard_error":217867.165348311}}