{"mean":{"confidence_interval":{"confidence_level":0.95,"lower_bound":579915557.96175,"upper_bound":581461405.5},"point_estimate":580608850.96,"standard_error":396420.21426338365},"median":{"confidence_interval":{"confidence_level":0.95,"lower_bound":579281323.0,"upper_bound":580248903.0},"point_estimate":579655361.0,"standard_error":228245.89952037684},"median_abs_dev":{"confidence_interval":{"confidence_level":0.95,"lower_bound":1444725.3079584993,"upper_bound":2439269.1043943167},"point_estimate":1921290.1863902807,"standard_error":258381.39772886768},"slope":null,"std_dev":{"confidence_interval":{"confidence_level":0.95,"lower_bound":2171194.652295506,"upper_bound":5601740.938677354},"point_estimate":3995082.2860086183,"standard_error":896156.7051888029}}