{"mean":{"confidence_interval":{"confidence_level":0.95,"lower_bound":0.0004059769499367501,"upper_bound":0.016860469902129305},"point_estimate":0.009102014531017444,"standard_error":0.004194608554215996},"median":{"confidence_interval":{"confidence_level":0.95,"lower_bound":0.0050040010185397055,"upper_bound":0.016643095605628887},"point_estimate":0.008878060019603673,"standard_error":0.0032068361422250237}}