{"mean":{"confidence_interval":{"confidence_level":0.95,"lower_bound":0.008011105618316295,"upper_bound":0.017084671437458916},"point_estimate":0.012635101999446174,"standard_error":0.002329036155547954},"median":{"confidence_interval":{"confidence_level":0.95,"lower_bound":0.005153082348012816,"upper_bound":0.019159669680748337},"point_estimate":0.014143578302195259,"standard_error":0.003442398630706362}}