{"mean":{"confidence_interval":{"confidence_level":0.95,"lower_bound":44423572.16250001,"upper_bound":44570916.38066666},"point_estimate":44491567.54666666,"standard_error":37844.460847300885},"median":{"confidence_interval":{"confidence_level":0.95,"lower_bound":44362063.16666667,"upper_bound":44465782.333333336},"point_estimate":44402603.5,"standard_error":28858.566009969996},"median_abs_dev":{"confidence_interval":{"confidence_level":0.95,"lower_bound":62481.704890726156,"upper_bound":171774.52715039623},"point_estimate":114867.1510607041,"standard_error":28810.46842823934},"slope":null,"std_dev":{"confidence_interval":{"confidence_level":0.95,"lower_bound":154943.494861138,"upper_bound":358235.74185606523},"point_estimate":270754.9427833465,"standard_error":53326.81525675932}}