{"mean":{"confidence_interval":{"confidence_level":0.95,"lower_bound":44387894.06666666,"upper_bound":44548559.151666656},"point_estimate":44461794.49999999,"standard_error":41095.38811187973},"median":{"confidence_interval":{"confidence_level":0.95,"lower_bound":44331840.0,"upper_bound":44401787.16666667},"point_estimate":44353550.33333333,"standard_error":17050.867331893434},"median_abs_dev":{"confidence_interval":{"confidence_level":0.95,"lower_bound":68513.66288364302,"upper_bound":164255.5213838742},"point_estimate":99962.32642532131,"standard_error":24318.98771708173},"slope":null,"std_dev":{"confidence_interval":{"confidence_level":0.95,"lower_bound":172463.76933286295,"upper_bound":385284.6660343847},"point_estimate":294741.2525185219,"standard_error":54779.672425330165}}