{"mean":{"confidence_interval":{"confidence_level":0.95,"lower_bound":23656876.676000003,"upper_bound":23723716.9516},"point_estimate":23689114.879999995,"standard_error":17055.563908680208},"median":{"confidence_interval":{"confidence_level":0.95,"lower_bound":23652734.7,"upper_bound":23721315.200000003},"point_estimate":23690735.1,"standard_error":18353.41165085439},"median_abs_dev":{"confidence_interval":{"confidence_level":0.95,"lower_bound":59387.02454567232,"upper_bound":139416.73330485655},"point_estimate":91138.97862196024,"standard_error":21714.565155398042},"slope":null,"std_dev":{"confidence_interval":{"confidence_level":0.95,"lower_bound":88999.936595314,"upper_bound":150992.252987923},"point_estimate":122752.30659511543,"standard_error":15879.38878552567}}