{"mean":{"confidence_interval":{"confidence_level":0.95,"lower_bound":220688221.43250003,"upper_bound":221419856.84916666},"point_estimate":221034407.8333333,"standard_error":188218.52061138823},"median":{"confidence_interval":{"confidence_level":0.95,"lower_bound":220556455.0,"upper_bound":221363085.0},"point_estimate":220977820.6666667,"standard_error":199236.7589816529},"median_abs_dev":{"confidence_interval":{"confidence_level":0.95,"lower_bound":118335.44659911114,"upper_bound":1032593.8166677952},"point_estimate":592782.7583760023,"standard_error":224816.35568232177},"slope":null,"std_dev":{"confidence_interval":{"confidence_level":0.95,"lower_bound":298568.5220791482,"upper_bound":835870.458988993},"point_estimate":627568.2956093359,"standard_error":144475.03095150104}}