{"mean":{"confidence_interval":{"confidence_level":0.95,"lower_bound":193670308.1183333,"upper_bound":193958378.15750003},"point_estimate":193819056.63333336,"standard_error":73895.33445254387},"median":{"confidence_interval":{"confidence_level":0.95,"lower_bound":193593892.3333333,"upper_bound":194041411.66666666},"point_estimate":193889421.1666667,"standard_error":119909.58506911353},"median_abs_dev":{"confidence_interval":{"confidence_level":0.95,"lower_bound":63940.33616486157,"upper_bound":407865.7237589654},"point_estimate":256592.34194458267,"standard_error":92219.80025187347},"slope":null,"std_dev":{"confidence_interval":{"confidence_level":0.95,"lower_bound":139994.96137427297,"upper_bound":294677.4079292945},"point_estimate":245957.3259297799,"standard_error":38790.046838349765}}