{"mean":{"confidence_interval":{"confidence_level":0.95,"lower_bound":-0.0025826213119850725,"upper_bound":-0.000916964930720349},"point_estimate":-0.0017279678442273516,"standard_error":0.00042498068871298105},"median":{"confidence_interval":{"confidence_level":0.95,"lower_bound":-0.002813630716331228,"upper_bound":-0.0005815952091914323},"point_estimate":-0.0019674437171789405,"standard_error":0.0006424522691962162}}