{"mean":{"confidence_interval":{"confidence_level":0.95,"lower_bound":-0.13309018187537425,"upper_bound":-0.11215958334645373},"point_estimate":-0.12269657697428904,"standard_error":0.005365842000914006},"median":{"confidence_interval":{"confidence_level":0.95,"lower_bound":-0.13784546497307482,"upper_bound":-0.1026081019919386},"point_estimate":-0.12196533093128903,"standard_error":0.007947148289001038}}