{"mean":{"confidence_interval":{"confidence_level":0.95,"lower_bound":0.1891899122943874,"upper_bound":0.1966793819228112},"point_estimate":0.1928346050252181,"standard_error":0.0019047358216618129},"median":{"confidence_interval":{"confidence_level":0.95,"lower_bound":0.18996470915002425,"upper_bound":0.19399534432622967},"point_estimate":0.19206161836090296,"standard_error":0.0010567919373107469}}